Category,Tool Name,Users,Description,URL
Super Strong AI Brain,ChatGPT,1873,Writing / analysis / code — most stable overall,https://chat.openai.com
Super Strong AI Brain,Claude,1643,Long-form text — more human expression,https://claude.ai
Super Strong AI Brain,Gemini,1403,Google multimodal — research + design + video,https://gemini.google.com
Super Strong AI Brain,Deepseek,974,Open-source — strong reasoning and economical,https://chat.deepseek.com
Super Strong AI Brain,豆包 (Doubao),714,Bytedance assistant — great for Chinese content,https://www.doubao.com
Super Strong AI Brain,GROK,583,Real-time web — humor-focused,https://grok.x.ai
Vibecoding,Cursor,1437,AI code editor — code generation for developers,https://cursor.sh
Vibecoding,GitHub,967,Code hosting + Copilot AI,https://github.com
Vibecoding,Vercel,654,Frontend deployment platform,https://vercel.com
Vibecoding,Obsidian,423,Local-first knowledge management,https://obsidian.md
Vibecoding,Google Antigravity,287,No-code web / product building,https://labs.google/antigravity
AI Design,Midjourney,1159,High-quality image generation,https://www.midjourney.com
AI Design,Canva,832,Popular design platform for presentations and posters,https://www.canva.com
AI Design,Figma,765,Professional UI/UX design standard,https://www.figma.com
AI Design,Google Stitch,342,Web / app UI design tool,https://stitch.withgoogle.com
AI Design,NanoBanana,215,Quick creative imagery via Gemini,https://nanobanana.ai
AI Design,Higgsfield,178,Visual generation for novel content,https://higgsfield.ai
AI Design,DesignKit,143,Meitu product / ad image tool,https://www.designkit.com
AI Video,Runway,927,Professional video generation + editing,https://runwayml.com
AI Video,VEO3,687,Google DeepMind text-to-video (premium),https://deepmind.google/veo
AI Video,Kling,534,Kuaishou video generation — cinematic realism,https://klingai.com
AI Video,ElevenLabs,412,Multilingual voice synthesis,https://elevenlabs.io
AI Video,HeyGen,389,Digital human video platform,https://www.heygen.com
AI Video,Seedance,267,Bytedance dance / motion video generator,https://seedance.ai
AI Video,hifly.cc,198,Budget digital human tool,https://hifly.cc
Making Presentations,Gamma,653,Single-sentence PPT generation,https://gamma.app
Making Presentations,Notebook LM,487,Google note tool with auto-PPT generation,https://notebooklm.google.com
Making Presentations,Figma Slides,312,Designer-friendly presentation tool,https://www.figma.com/slides
AI Learning & Inspiration,Notion,892,Knowledge management + collaboration,https://www.notion.so
AI Learning & Inspiration,Lark,457,Bytedance enterprise suite — docs / tables / meetings,https://www.larksuite.com
AI Learning & Inspiration,Notebook LM,378,Note-taking with Q&A,https://notebooklm.google.com
AI Learning & Inspiration,Cluely,234,Learning assistant for complex concepts,https://cluely.com
AI Charts,Napkin AI,347,Text-to-infographic conversion,https://www.napkin.ai
AI Charts,Xmind.ai,289,Mind mapping from text,https://xmind.ai
AI Websites,Lovable,578,Conversational website builder,https://lovable.dev
AI Websites,Google AI Studio,424,AI development platform,https://aistudio.google.com
AI Websites,Google Stitch,267,Interactive prototype tool,https://stitch.withgoogle.com
AI Meetings & Research,Perplexity,812,AI search with citations,https://www.perplexity.ai
AI Meetings & Research,Read AI,345,Meeting transcription + summarization,https://www.read.ai
AI Meetings & Research,TurboScript,213,Audio / video-to-text converter,https://turboscript.ai
AI Management,ClickUp,413,Multi-feature project platform,https://clickup.com
AI Management,Openclaw,278,AI-driven project management,https://openclaw.ai
AI Management,Obsidian,198,Knowledge management,https://obsidian.md
AI Agent Automation,n8n,534,Open-source workflow automation,https://n8n.io
AI Agent Automation,Coze,389,Bytedance no-code bot builder,https://www.coze.com
